sku,compatible_with,manufacturer
C-0453,,ESWOOD
,,
,,
,,
,,
01-240372-1,"HOBART 01-240372-001, 01-240372-1, 01-240076-002, 01-240076-2",HOBART
,,
,,
46631,ELECTROLUX 0H2542,ZANUSSI
,,
,,
48308,ELECTROLUX  048308,ZANUSSI
,,
,,
107012,10.70.12 ESWOOD SMARTWASH 900,"ESWOOD SMARTWASH, NORRIS MADISON, EUROWASH"
,,
,,
144021,14.40.21 ESWOOD SMARTWASH 900,"ESWOOD SMARTWASH, NORRIS MADISON, EUROWASH"
,,
,,
144032,14.40.32 ESWOOD SMARTWASH 900,"ESWOOD SMARTWASH, NORRIS MADISON, EUROWASH"
,,
,,
161301,C161301 WASHTECH,WASHTECH
,,
,,
161303,30664 WASHTECH,WASHTECH
,,
,,
25010,,BRACTON
,,
,,
417120,41.71.20 ESWOOD SMARTWASH 900,"ESWOOD SMARTWASH, NORRIS MADISON, EUROWASH"
,,
,,
437098,43.70.98 ESWOOD SMARTWASH 900,"ESWOOD SMARTWASH, NORRIS MADISON, EUROWASH"
,,
,,
98.40.05,,
,,
,,
984001,"139321-47 HOBART, 12134442 FAGOR, Z203011000 FAGOR","HOBART, FAGOR"
,,
,,
984005,98.40.05 SMARTWASH,"HOBART, EUROWASH"
,,
,,
01-297813-5,,HOBART
,,
,,
10.40.56,,
,,
,,
10.40.60,,
10.40.61,,
,,
,,
104056,10.40.56 ESWOOD SMARTWASH 400,"HOBART, ESWOOD SMARTWASH, NORRIS MADISON, EUROWASH"
,,
,,
,,
104060,10.40.60 ESWOOD SMARTWASH 500,"HOBART, ESWOOD SMARTWASH, NORRIS MADISON, EUROWASH"
,,
,,
,,
104061,,"ESWOOD SMARTWASH, NORRIS MADISON, EUROWASH"
,,
,,
330342,"330307 COMENDA, 330331 COMENDA",COMENDA
,,
,,
34A2560,22002 RHIMA,"ANGELO PO, RHIMMA"
,,
,,
7152011,,
,,
,,
80582,,HOBART
,,
,,
926026,DAB290 HOBART,HOBART
,,
,,
GB11NT,GB11NTM IME OMNIWASH,OMNIWASH
,,
Z201710,"Z201710000 FAGOR, 12022943 FAGOR, 1200005017 FAGOR",FAGOR
,,
,,
Z401730,"Z401730000 FAGOR, 12022893 FAGOR, 1200002017 FAGOR",FAGOR
,,
,,
48325,0L1629 ELECTROLUX,ZANUSSI/ELECTROLUX
,,
,,
048430-1,"049600 ZANUSSI, 049600 ELECTROLUX",ZANUSSI/ELECTROLUX
,,
,,
054-70-123,,NORRIS
,,
,,
054-71-606,,NORRIS
,,
,,
0L0051,,ZANUSSI/ELECTROLUX
,,
,,
11.51.43,,
,,
,,
11.51.49,,
,,
,,
115074,REB115074 HOBART,HOBART
,,
,,
115075,REB115075 HOBART,HOBART
,,
,,
115076,DAS2596 HOBART,HOBART
,,
,,
115131,115113 HOBART,HOBART
,,
,,
115149,11.51.49 ESWOOD SMARTWASH,"ESWOOD SMARTWASH, NORRIS MADISON, EUROWASH"
,,
,,
135250,,RHIMA
,,
,,
,,
136020,80458 HOBART,HOBART
,,
,,
136030,13.60.30 SMARTWASH,"ESWOOD SMARTWASH, NORRIS MADISON"
,,
,,
417125,41.71.25 ESWOOD SMARTWASH 900,"ESWOOD SMARTWASH, NORRIS MADISON, EUROWASH"
,,
,,
143263,,"ESWOOD SMARTWASH, NORRIS MADISON"
,,
,,
,,
15041A,50020119 RHIMA,RHIMA
,,
,,
172694,,HOBART
,,
,,
172695,,HOBART
,,
,,
191025,C191025 WASHTEC,WASHTECH
,,
,,
22-054,,NORRIS
,,
,,
22-055,,NORRIS
,,
,,
228536,,HOBART
,,
,,
4206301,,HOBART
,,
,,
429073,42.90.73 ESWOOD SMARTWASH ,"ESWOOD SMARTWASH, NORRIS MADISON, EUROWASH, HOBART"
,,
,,
,,
441009,44.10.09 ESWOOD SMARTWASH,"HOBART, NORRIS MADISON, ESWOOD SMARTWASH"
,,
,,
478059,,HOBART
,,
,,
55-514,USE WITH SERIAL NUMBERS 30166-1004136,NORRIS
,,
,,
55-515,USE WITH SERIAL NUMBERS 30166-1004136,NORRIS
,,
,,
55-706,,NORRIS
,,
,,
55-707,,NORRIS
,,
,,
7.30.61,,ESWOOD SMARTWASH
,,
,,
80174,8.01.74 ESWOOD SMARTWASH,"HOBART, ESWOOD SMARTWASH, NORRIS MADISON"
,,
,,
80177,8.01.77 ESWOOD SMARTWASH,"HOBART, NORRIS MADISON, ESWOOD SMARTWASH"
,,
,,
80179,,"HOBART, NORRIS MADISON"
,,
,,
80181,,"HOBART, NORRIS MADISON"
,,
,,
80186,,HOBART
,,
,,
80187,,HOBART
,,
,,
80188,,HOBART
,,
,,
883467-1,00-883467-001 HOBART,HOBART
,,
,,
883488-1,00-883488-001 HOBART,HOBART
,,
,,
883496-1,00-883496-001 HOBART,HOBART
,,
,,
926032,,HOBART
,,
,,
926033,,HOBART
,,
,,
926034,,HOBART
,,
,,
926052,,HOBART
,,
,,
926056,,HOBART
,,
,,
926157,,HOBART
,,
,,
926158,,HOBART
,,
,,
B-1967,,ESWOOD
,,
,,
Z200701,"Z200701000 FAGOR, 12024480 FAGOR",FAGOR
,,
,,
Z200703,"Z200703000 FAGOR, 12023613 FAGOR",FAGOR
,,
,,
Z200707,"Z200707000 FAGOR, 12024471 FAGOR",FAGOR
,,
,,
Z-600905-KIT,,ESWOOD
,,
,,
Z710706,,FAGOR
,,
,,
406010,,LAMBER
,,
,,
49597,,ZANUSSI/ELECTROLUX
,,
,,
49598,,ZANUSSI/ELECTROLUX
,,
,,
800006,10775 RHIMA ,LAMBER
,,
,,
,,
800099,,LAMBER
,,
,,
800401,,LAMBER
,,
,,
800402,,LAMBER
,,
,,
24.00.142," CM 101 G, CM 101 G - WE PLUS, CM 101 G 100V 50-60Hz, CM 101 G 120V 60Hz, CM 102 G, CM 102 G - WE PLUS, CM 102 G 120V 60Hz, CM 61 G, CM 61 G - WE PLUS, CM 61 G 100V 50-60Hz, CM 61 G 120V 60Hz, CM 62 G, CM 62 G - WE PLUS, CM 62 G 100V 50-60Hz, CM 62 G 120V",RATIONAL
,,
,,
24.00.152,"CM 101 G, CM 101 G - WE PLUS, CM 101 G 100V 50-60Hz, CM 101 G 120V 60Hz, CM 102 G, CM 102 G - WE PLUS, CM 102 G 120V 60Hz, CM 61 G, CM 61 G - WE PLUS, CM 61 G 100V 50-60Hz, CM 61 G 120V 60Hz, CM 62 G, CM 62 G - WE PLUS, CM 62 G 100V 50-60Hz, CM 62 G 120V",RATIONAL
,,
,,
24.02.762,"CM 101 G, CM 101 G - WE PLUS, CM 101 G 100V 50-60Hz, CM 101 G 120V 60Hz, CM 102 G, CM 102 G - WE PLUS, CM 102 G 120V 60Hz, CM 61 G, CM 61 G - WE PLUS, CM 61 G 100V 50-60Hz, CM 61 G 120V 60Hz, CM 62 G, CM 62 G - WE PLUS, CM 62 G 100V 50-60Hz, CM 62 G 120V",RATIONAL
,,
,,
2216070K,"OGB10.10, OGB10.20, OGB12.20, OGB20.10, OGB20.20, OGB6.10, OGB6.20, OGS10.10, OGS10.20, OGS12.20, OGS20.10, OGS20.20, OGS6.10, OGS6.20 ",CONVOTHERM
,,
,,
3053003,"36M0270 ANGELO PO, 826410050 BARON, 053096 ELECTROLUX/ZANUSSI, 059227 ELECTROLUX/ZANUSSI, 12008998 FAGOR, MA1304500 LAINOX, RTCU900004 MBM, 6A035930 OLIS","ANGELO PO, BARON, ELECTROLUX/ZANUSSI, FAGOR, LAINOX, MBM, OLIS, "
,,
3053006,"36M0270 ANGELO PO, 826410050 BARON, 053096 ELECTROLUX/ZANUSSI, 059227 ELECTROLUX/ZANUSSI, 12008998 FAGOR, MA1304500 LAINOX, RTCU900004 MBM, 6A035930 OLIS","ANGELO PO, BARON, ELECTROLUX/ZANUSSI, FAGOR, LAINOX, MBM, OLIS"
,,
3053007,"36M0270 ANGELO PO, 826410050 BARON, 053096 ELECTROLUX/ZANUSSI, 059227 ELECTROLUX/ZANUSSI, 12008998 FAGOR, MA1304500 LAINOX, RTCU900004 MBM, 6A035930 OLIS","ANGELO PO, BARON, ELECTROLUX/ZANUSSI, FAGOR, LAINOX, MBM, OLIS"
,,
307003,30.70.03 SMARTWASH,"HOBART, ESWOOD SMARTWASH"
,,
,,
325030,,HOBART
,,
,,
36860,,BRACTON
,,
,,
417041,41.70.41 ESWOOD SMARTWASH,"HOBART, ESWOOD SMARTWASH"
,,
,,
50.00.286,"CM 101 G, CM 101 G - WE PLUS, CM 101 G 100V 50-60Hz, CM 101 G 120V 60Hz, CM 102 G, CM 102 G - WE PLUS, CM 102 G 120V 60Hz, CM 61 G, CM 61 G - WE PLUS, CM 61 G 100V 50-60Hz, CM 61 G 120V 60Hz, CM 62 G, CM 62 G - WE PLUS, CM 62 G 100V 50-60Hz, CM 62 G 120V",RATIONAL
,,
,,
50.00.296," CM 101 G, CM 101 G - WE PLUS, CM 101 G 100V 50-60Hz, CM 101 G 120V 60Hz, CM 102 G, CM 102 G - WE PLUS, CM 102 G 120V 60Hz, CM 61 G, CM 61 G - WE PLUS, CM 61 G 100V 50-60Hz, CM 61 G 120V 60Hz, CM 62 G, CM 62 G - WE PLUS, CM 62 G 100V 50-60Hz, CM 62 G 120V",RATIONAL
,,
,,
60030182,,WASHTECH
,,
,,
,,
,,
80069,,HOBART
,,
,,
80105,,HOBART
,,
,,
80130,,HOBART
,,
,,
80131,,HOBART
,,
,,
80132,,HOBART
,,
,,
80998,,HOBART
,,
,,
926014,,HOBART
,,
,,
927088,,HOBART
,,
,,
Z200310,"Z200310000 FAGOR, 12024180 FAGOR",FAGOR
,,
,,
Z200522,"Z20052000 FAGOR, 12024299 FAGOR",FAGOR
,,
,,
Z200607,"Z200607000 FAGOR, 12003212 FAGOR",FAGOR
,,
,,
143266,14.32.66 ESWOOD SMARTWASH,"ESWOOD SMARTWASH, NORRIS MADISON"
,,
,,
143267,,"ESWOOD SMARTWASH, NORRIS MADISON"
,,
,,
209036,20.90.36 ESWOOD SMARTWASH,"ESWOOD SMARTWASH, NORRIS MADISON"
,,
,,
209039,20.90.39 ESWOOD SMARTWASH,"ESWOOD SMARTWASH, NORRIS MADISON"
,,
,,
5001,,VARIOUS
,,
,,
5003,,VARIOUS
,,
,,
5005,,VARIOUS
,,
,,
5007,,VARIOUS
,,
,,
5009,,VARIOUS
,,
,,
5011,,VARIOUS
,,
,,
5100,,VARIOUS
,,
,,
6000,SEKO,INJECTA
,,
,,
6100,SEKO,INJECTA
,,
,,
6200,,GERMAC
,,
,,
6250,,GERMAC
,,
,,
EP-252,,ESWOOD
,,
,,
NK/HP,,INJECTA
,,
,,
NK/LP,,INJECTA
,,
,,
Z208903,,GERMAC
,,
,,
49878,,ZANUSSI/ELECTROLUX
,,
,,
512060000,,MACH
,,
,,
DH2090E,,ESWOOD
,,
,,
DH2090H,"883961-2 HOBART, 00-883961-002 HOBART",HOBART
,,
,,
DH3090,,VARIOUS
,,
,,
,,
Z200910,"Z200910000 FAGOR, 12024473 FAGOR",FAGOR
,,
,,
01-240010-1,01-240010-001 HOBART,HOBART
,,
,,
48844,0L0692 ELECTROLUX,ZANUSSI/ELECTROLUX
,,
,,
100803,,COMENDA
,,
,,
130123,130175,"HOBART, ESWOOD SMARTWASH, NORRIS MADISON, EUROWASH"
,,
,,
130176,,HOBART
,,
,,
44.00.207P,,RATIONAL
,,
,,
5120557,,MACH
,,
,,
60060102,,WASHTECH
,,
,,
775854-3,00-775854-003 HOBART,HOBART
,,
,,
,,
,,
87.00.352,,RATIONAL
,,
,,
,,
883993-1,,HOBART
,,
,,
9544233,,MEIKO
,,
,,
EP-248,,ESWOOD
,,
,,
FA200,,FAGOR
,,
,,
Z220901,"Z220901000 FAGOR, 12024273 FAGOR",FAGOR
,,
,,
01-240135-2,01-240135-002 HOBART,HOBART
,,
,,
01-515292-1,"01-515292-101 HOBART, 01-240247-101 HOBAR",HOBART
,,
,,
303001,,LAMBER
,,
,,
303042,,LAMBER
,,
,,
48284,,ZANUSSI/ELECTROLUX
,,
,,
49371,,ZANUSSI/ELECTROLUX
,,
,,
49898,,ZANUSSI/ELECTROLUX
,,
,,
49992,,ZANUSSI/ELECTROLUX
,,
,,
057-100-020,,NORRIS
,,
,,
057-100-098,,NORRIS
,,
,,
057-17-325,,NORRIS
,,
,,
057-55-582,,NORRIS
,,
,,
057-66-046,,NORRIS
,,
,,
057-77-064,,NORRIS
,,
,,
057-90-031,,NORRIS
,,
,,
110333,,COMENDA
,,
,,
110362,,COMENDA
,,
,,
110363,,COMENDA
,,
,,
150047,"32G3360 RHIMA, 0L3669 ZANUSSI/ELECTROLUX","ANGELO PO, RHIMA"
,,
,,
,,
,,
15047/A,"50300056, 5030037 RHIMA",RHIMA
,,
,,
195508,,HOBART
,,
,,
195512,,HOBART
,,
,,
23.00.98,,
,,
,,
230020,,HOBART
,,
,,
230083,23.00.83 ESWOOD SMARTWASH ,HOBART
,,
,,
,,
230086,,HOBART
,,
,,
230088,,HOBART
,,
,,
230098,23.00.98 SMARTWASH,"ESWOOD SMARTWASH, NORRIS MADISON"
,,
,,
230100,,HOBART
,,
,,
230102,,HOBART
,,
,,
230112,,HOBART
,,
,,
230113,23.01.13 SMARTWASH,HOBART
,,
,,
,,
230114,,
,,
,,
230118,23.01.18 ESWOOD SMARTWASH,"ESWOOD SMARTWASH, NORRIS MADISON, EUROWASH"
,,
,,
,,
230120,,"ESWOOD SMARTWASH, NORRIS MADISON, HOBART"
,,
,,
,,
,,
2619181,,CONVOTHERM
,,
,,
,,
30001010,,RHIMA
,,
,,
3005,,WASHTECH
,,
,,
40L2109,,ZANUSSI/ELECTROLUX
,,
,,
5007062,5007062K CONVOTHERM,CONVOTHERM
5007066,5007066K CONVOTHERM,CONVOTHERM
,,
,,
5007068,5007068K CONVOTHERM,CONVOTHERM
,,
,,
5007071,"5007070K CONVOTHERM, 5030632 CONVOTHERM",CONVOTHERM
,,
,,
60030145,,WASHTECH
,,
,,
60030159,,WASHTECH
,,
,,
60030160,,WASHTECH
,,
,,
60030226,,WASHTECH
,,
,,
60030249,,WASHTECH
,,
,,
6A045300,"32G0020 ANGELO PO, 053407 ELECTROLUX, 053606 ELECTROLUX, 12024076 FAGOR",BARON
6A045600,"32G0300 ANGELO PO, 32G1330 ANGELO PO, 003931 ELECTROLUX, 240042 JEMI",BARON
7.30.69,73069,ESWOOD
,,
,,
80398,8.03.98 ESWOOD,"ESWOOD SMARTWASH, NORRIS MADISON"
,,
,,
80677,,"HOBART, NORRIS MADISON, EUROWASH"
,,
,,
,,
,,
87.00.366,,RATIONAL
,,
,,
,,
883423-1,00-883423-001 HOBART,HOBART
,,
,,
EP-204,,ESWOOD
,,
,,
,,
EP-205,,ESWOOD
,,
,,
EP-210,,ESWOOD
,,
,,
EP-211,,ESWOOD
,,
,,
EP-217,,ESWOOD
,,
,,
EP-219,,ESWOOD
,,
,,
EP-222,,ESWOOD
,,
,,
EP-223,,ESWOOD
,,
,,
R223005,"R223005000, 12024951 FAGOR",FAGOR
,,
,,
Z201706,"Z201706000, 12024683 FAGOR",FAGOR
,,
,,
Z203601,"Z203601000, 12024683 FAGOR",FAGOR
,,
,,
Z241701,"Z241701000, 12024732 FAGOR",FAGOR
,,
,,
Z421711,"Z421711000, ",FAGOR
,,
,,
Z743601,"Z743601000, 12023778 FAGOR",FAGOR
,,
,,
12.11.20,,
,,
12.11.35,121135,ESWOOD
,,
121078,,HOBART
,,
121081,,HOBART
,,
121100,12.11.00 ESWOOD,"HOBART, NORRIS MADISON, ESWOOD SMARTWASH"
,,
121120,12.11.20 ESWOOD SMARTWASH,"ESWOOD SMARTWASH, NORRIS MADISON"
,,
13.60.30,,
,,
180811,C180811,WASHTECH
,,
42.90.72,,
,,
429072,42.90.72 ESWOOD,"ESWOOD SMARTWASH, NORRIS MADISON"
,,
80470,,HOBART
,,
,,
883733-1,,HOBART
,,
Z210802,"Z210802000, 12022559 FAGOR",FAGOR
,,
200056,,LAMBER
,,
,,
124-70-080,,NORRIS
,,
,,
195054,,HOBART
,,
,,
200812,C200812 WASHTECH,WASHTECH
,,
,,
200843,C200843,WASHTECH
,,
,,
200844,C200844,WASHTECH
,,
,,
200845,C200845,WASHTECH
,,
,,
30479,,BRACTON
,,
437104,43.71.04,"ESWOOD SMARTWASH, NORRIS MADISON"
,,
,,
44.00.280,,RATIONAL
,,
,,
456002,,HOBART
,,
456016,,HOBART
,,
,,
67500-15,,HOBART
,,
,,
80178,8.01.78 ESWOOD SMARTWASH,"HOBART, ESWOOD SMARTWASH, NORRIS MADISON, EUROWASH"
,,
,,
929046,,HOBART
,,
Q307035,,FAGOR
,,
SE-117,,ESWOOD
,,
,,
SE-119,,ESWOOD
,,
,,
200020,,LAMBER
,,
,,
200128,,LAMBER
,,
,,
200403,,LAMBER
,,
,,
48250,,ZANUSSI/ELECTROLUX
,,
,,
136023,,HOBART
,,
,,
14.20.58,,
,,
,,
142022,,HOBART
,,
,,
142051,14.20.51 ESWOOD SMARTWASH,"HOBART, ESWOOD SMARTWASH, NORRIS MADISON, EUROWASH"
,,
,,
142053,,HOBART
,,
,,
142058,14.20.58 ESWOOD SMARTWASH,"ESWOOD SMARTWASH, NORRIS MADISON"
,,
,,
20710022,,WASHTECH
,,
,,
229426-3,,HOBART
,,
,,
30426,,BRACTON
,,
,,
31637,,BRACTON
,,
,,
500618,,"ANGELO PO, RHIMA"
,,
540033,,RHIMA
,,
,,
80249,,HOBART
,,
,,
80250,,HOBART
,,
,,
926050,,HOBART
,,
,,
929036,,
,,
,,
Z200909,"Z200909000, 12010165",FAGOR
,,
,,
Z710901,"Z710901000, 12023658",FAGOR
,,
,,
02.63.51,,ESWOOD
,,
,,
02.64.94,,ESWOOD
,,
,,
25531,,
,,
,,
25771,,HOBART
,,
,,
26325,,NORRIS
,,
,,
26326,,NORRIS
,,
,,
0L1235,"0L0061, 0L0710, 0L0550",ZANUSSI/ELECTROLUX
,,
,,
,,
,,
0L2582,"0L0547, 0L1236, 0L0706, 0L1410, 0L1810, 0L0046",ZANUSSI/ELECTROLUX
,,
,,
,,
,,
0L2583,"0L0045, 049910, 0L0705, 0L0541, 0L0261, 0L1972, 0L1811, 0L1412",ZANUSSI/ELECTROLUX
,,
,,
,,
,,
121287,,COMENDA
,,
,,
,,
,,
195488-1,,HOBART
,,
,,
,,
,,
197633-1,,HOBART
,,
,,
,,
,,
21.10.17,,
,,
,,
21.50.34-1,215034-1,ESWOOD
,,
,,
,,
,,
21.50.36,,
,,
,,
211009,,HOBART
,,
,,
211017,21.10.17 ESWOOD,"ESWOOD SMARTWASH, NORRIS MADISON"
,,
,,
215023,,HOBART
,,
,,
,,
,,
215027,,
,,
,,
215032-1,,NORRIS
,,
,,
,,
,,
215032-4,21.50.32-4,ESWOOD SMARTWASH
,,
,,
,,
,,
215034-4,,NORRIS MADISON
,,
,,
,,
,,
215036,21.50.36 ESWOOD,"ESWOOD SMARTWASH, NORRIS MADISON"
,,
,,
,,
,,
215038,,HOBART
,,
,,
,,
,,
225032,,HOBART
,,
,,
227084,227059,"HOBART, NORRIS MADISON, EUROWASH"
,,
,,
,,
,,
231016,"23.10.16 ESWOOD SMARTWASH, 231014","HOBART, ESWOOD SMARTWASH, NORRIS MADISON, EUROWASH"
,,
,,
,,
,,
36492,,BRACTON
,,
,,
37676,,BRACTON
,,
,,
,,
,,
37677,,BRACTON
,,
,,
,,
,,
5000869,,MACH
,,
,,
,,
,,
69890,,NORRIS MADISON
,,
,,
73710,,ESWOOD
,,
,,
743448,,HOBART
,,
,,
8.09.33,,ESWOOD SMARTWASH
,,
,,
8.09.44,80944,ESWOOD SMARTWASH
,,
,,
,,
,,
80296,,HOBART
,,
,,
80889,,HOBART
,,
,,
,,
,,
80944,,ESWOOD SMARTWASH
,,
,,
81000,,HOBART
,,
,,
897540-2,,HOBART
,,
,,
,,
,,
897545-1,00-897545-001,HOBART
,,
,,
,,
,,
,,
897560-2,,HOBART
,,
,,
,,
,,
999298-1,,NORRIS MADISON
,,
,,
Z213073,"Z213073000, 12008750 FAGOR",FAGOR
,,
,,
,,
,,
300026,,LAMBER
,,
,,
162-55-159,,NORRIS
,,
,,
22.40.04,,
,,
,,
224002,,HOBART
,,
,,
224003,,HOBART
,,
,,
224004,22.40.041 ESWOOD SMARTWASH,"HOBART, ESWOOD SMARTWASH, NORRIS MADISON, EUROWASH"
,,
,,
224005,,HOBART
,,
,,
224023,,
,,
,,
224999,,
,,
,,
31171,,BRACTON
,,
,,
32Z0860,,ANGELO PO
,,
,,
60030478,,WASHTECH
,,
,,
60030479,,WASHTECH
,,
,,
224030,,
,,
,,
926049,,HOBART
,,
,,
SS-154,,ESWOOD
,,
,,
Z203023,"Z203023000, 12023802, Z603032000 FAGOR",FAGOR
,,
,,
Z223005,"Z223005000, 12023805 FAGOR",FAGOR
,,
,,
Z713002,"Z713002000, 12023804 FAGOR",FAGOR
,,
,,
40.00.453P,,RATIONAL
,,
735-2C,,VARIOUS
,,
735-3C,,VARIOUS
,,
C06D01,,VARIOUS
,,
C06D10,,VARIOUS
,,
60030080,60030081,WASHTECH
,,
SMC22,,VARIOUS
,,
SS-103,,VARIOUS
,,
SS-104,,VARIOUS
,,
SS-108,,VARIOUS
,,
SS-236,,ESWOOD
,,
01-240096-4,01-240096-004 HOBART,HOBART
,,
,,
035-06-044,PF-508P ESWOOD,"ESWOOD, NORRIS"
,,
,,
,,
48714,,ZANUSSI/ELECTROLUX
,,
,,
100-093,,
,,
,,
10263,,RHIMA
,,
,,
60040050,50000054 RHIMA,"WASHTECH, RHIMA"
,,
,,
,,
10650,"3052320 ANGELO PO, 50020110 RHIMA","ANGELO PO, RHIMA"
,,
,,
115-100-255,PF-448P  ESWOOD,"ESWOOD, NORRIS"
,,
,,
,,
12527,50000057 RHIMA,RHIMA
,,
,,
12528,50000061 RHIMA,RHIMA
129059,,HOBART
,,
,,
140007,,HOBART
,,
,,
140036,,NORRIS MADISON
,,
,,
143173,,HOBART
,,
,,
,,
,,
,,
150-10-089,,NORRIS
,,
,,
159-77-588,,NORRIS
,,
,,
160734,C160734,WASHTECH
,,
,,
170946,C170946,WASHTECH
,,
,,
226800-1,,HOBART
,,
,,
226816,,HOBART
,,
,,
228643,,HOBART
,,
,,
34264-1,,BRACTON
,,
,,
40030073,400 30073 WASHTECH,WASHTECH
,,
,,
40030200,400 30200,WASHTECH
,,
,,
429006,,HOBART
,,
,,
50000064,,RHIMA
,,
,,
50000065,,RHIMA
,,
,,
60040049,,WASHTECH
,,
,,
,,
60040064,600 40064,WASHTECH
,,
,,
,,
70-053,,NORRIS
,,
,,
774072-1,,HOBART
,,
,,
774072-2,,HOBART
,,
,,
77-580,,NORRIS
,,
,,
80373,,NORRIS MADISON
,,
,,
80377,,HOBART
,,
,,
80380,,HOBART
,,
,,
926131,,HOBART
,,
,,
926132,,HOBART
,,
,,
926133,,HOBART
,,
,,
927068,,HOBART
,,
,,
993031,99.30.31 SMARTWASH,HOBART
,,
,,
A-1915,,ESWOOD
,,
,,
A-1917-1,,ESWOOD
,,
,,
A-2452,,ESWOOD
,,
,,
B-1108,,ESWOOD
,,
,,
B-1791-1,,ESWOOD
,,
,,
C200359,,WASHTECH
,,
,,
C450218,,WASHTECH
,,
DAS265,129019 HOBART,HOBART
,,
,,
12111971,,FAGOR
,,
,,
Q152016,"Q152016000, 12009829 FAGOR",FAGOR
,,
,,
Z201903,"Z201903000, 12024470 FAGOR",FAGOR
,,
,,
Z211903,"Z211903000, 12024252 FAGOR",FAGOR
,,
,,
136-10-378-OS,,NORRIS
,,
,,
,,
,,
1510,,VARIOUS
,,
,,
,,
,,
324093-1,,HOBART
,,
,,
,,
,,
324093-21,,HOBART
,,
,,
,,
,,
60030327,,WASHTECH
,,
,,
,,
,,
60030508,600 30508,WASHTECH
,,
,,
,,
,,
775854-1,00-775854-001,HOBART
,,
,,
,,
,,
775854-1PT,,HOBART
,,
,,
,,
,,
80627,8.06.27 ESWOOD,"ESWOOD SMARTWASH, NORRIS MADISON"
,,
,,
,,
,,
897662-1,,
,,
C-0450,,ESWOOD
,,
,,
,,
,,
DW2201,,SHARPLINE
,,
,,
,,
,,
C-2316R,,ESWOOD
,,
,,
C-0108-1R,,ESWOOD
,,
,,
C-2314R,,ESWOOD
,,
,,
300138,,LAMBER
,,
,,
01.171020.040,,
,,
,,
301000,,LAMBER
,,
,,
301003,,LAMBER
,,
,,
301018,,LAMBER
,,
,,
49621,,ZANUSSI/ELECTROLUX
,,
,,
130449,"3040850 ANGELO PO, 130449 COMENDA, 50900019 RHIMA",VARIOUS
,,
,,
,,
15812,,VARIOUS
,,
,,
,,
,,
159-4578,,WASHTECH
,,
,,
162-16-533,,NORRIS
,,
,,
162-17-043,,NORRIS
,,
,,
162-55-561,,NORRIS
,,
,,
162-55-932,,NORRIS
,,
,,
162-66-050,,NORRIS
,,
,,
,,
162-77-520,,NORRIS
,,
,,
195070,,HOBART
,,
,,
208010,50900038 RHIMA,HOBART
,,
,,
,,
211002,"80871, 8.08.71 ESWOOD SMARTWASH",HOBART
,,
,,
2281986,,ESWOOD
,,
,,
2889322,,VARIOUS
,,
,,
,,
3319016,,VARIOUS
,,
3319968,,VARIOUS
,,
3319969,,VARIOUS
,,
50.56078.007,,E.G.O.
,,
,,
50.57071.010,,E.G.O.
,,
,,
60030092,600 30092,WASHTECH
,,
,,
60030097,600 30097,WASHTECH
,,
,,
60030214,600 30214,WASHTECH
,,
,,
60030269,600 30269,WASHTECH
,,
,,
7021,,ESWOOD
,,
,,
921044,,VARIOUS
921057,,VARIOUS
926195,,HOBART
,,
,,
,,
SS-210KS,"SS-210K, SS-210S ESWOOD",ESWOOD
,,
,,
NLB22-EMS,,VARIOUS
,,
NLB22-SS,,"ESWOOD, NORRIS"
,,
,,
,,
SS-143,,ESWOOD
,,
,,
SS-160,,ESWOOD
,,
,,
SS-161,,ESWOOD
,,
,,
W-70A,,ESWOOD
,,
,,
Z203009,"Z203009000, 12024477 FAGOR",FAGOR
,,
,,
Z213033,Z213003000,FAGOR
,,
,,
,,
072-17-045,,NORRIS
,,
,,
35023,,WASHTECH
,,
,,
60090080,600 90080,WASHTECH
,,
,,
926100,,HOBART
,,
,,
PF-649,,ESWOOD
,,
,,
Z236001,Z236001000,FAGOR
,,
,,
0.928.566,,S.I.T.
,,
,,
0.928.569,,S.I.T.
,,
,,
072-10-178,,NORRIS
,,
,,
120519,,COMENDA
,,
,,
120525,120525 BRACTON,COMENDA
,,
,,
236014,,HOBART
,,
,,
236035,,HOBART
,,
,,
236053,,HOBART
,,
,,
236056,,HOBART
,,
,,
3020,,WASHTECH
,,
,,
30201,,WASHTECH
,,
,,
51000005,,RHIMA
,,
,,
55.34054.060,,
,,
,,
926189,,"HOBART, ESWOOD SMARTWASH, NORRIS MADISON, EUROWASH"
,,
,,
EPA1-9,,HOBART
,,
,,
G28,,HOBART
,,
,,
C,,ROBERT SHAW
,,
,,
LCH,,ROBERT SHAW
,,
,,
RX-10-36,,ROBERT SHAW
,,
,,
SS-131,,ESWOOD
,,
,,
SS-156,,ESWOOD
,,
,,
SS-229,,ESWOOD
,,
,,
Z718405,,FAGOR
,,
,,
300829,,LAMBER
,,
,,
,,
,,
10300117,,RHIMA
,,
,,
,,
,,
142-55-563,,NORRIS
,,
,,
,,
,,
170-16-023,,NORRIS
,,
,,
,,
,,
170-55-058,,NORRIS
,,
,,
,,
,,
170-55-562,,NORRIS
,,
,,
,,
,,
170-55-935,,NORRIS
,,
,,
,,
,,
170-71-023,,NORRIS
,,
,,
,,
,,
170-77-121,,NORRIS
,,
,,
,,
,,
170-77-521,,NORRIS
,,
,,
,,
,,
32621001,,WASHTECH
,,
,,
,,
,,
32661001,,WASHTECH
,,
,,
,,
,,
32822,,WASHTECH
,,
,,
,,
,,
32V2060,,ANGELO PO
,,
,,
,,
,,
500031700,,MACH
,,
,,
,,
,,
SS-203,,ESWOOD
,,
,,
SS-221,,ESWOOD
,,
,,
,,
,,
SS-251,,ESWOOD
,,
,,
,,
,,
SS-257,,ESWOOD
,,
,,
,,
,,
Z213002,,FAGOR
,,
,,
,,
,,
Z243004,,FAGOR
,,
,,
,,
,,
Z403002,,FAGOR
,,
,,
,,
,,
Z713055,,FAGOR
,,
,,
,,
,,
0.977.113,,S.I.T.
,,
,,
0.977.119,,S.I.T.
,,
,,
144010,14.40.10 SMARTWASH,HOBART
,,
,,
144030,14.40.30 ESWOOD SMARTWASH,"ESWOOD SMARTWASH, NORRIS MADISON"
,,
,,
352415DC,,VARIOUS
,,
,,
352417DC,,VARIOUS
,,
,,
372415,,VARIOUS
,,
,,
372417,,VARIOUS
,,
,,
372435,,VARIOUS
,,
,,
372437,,VARIOUS
,,
,,
373015,,VARIOUS
,,
,,
373017,,VARIOUS
,,
,,
373019,,VARIOUS
,,
,,
373021,,VARIOUS
,,
,,
373035,,VARIOUS
,,
,,
373037,,VARIOUS
,,
,,
373045,,VARIOUS
,,
,,
50.01.050,,RATIONAL
,,
,,
60060053,600 60053,WASHTECH
,,
,,
Z231106,,VARIOUS
,,
,,
775759-1,00-775759-001,HOBART
,,
,,
,,
90614,,ZIP
,,
,,
DEV1,,HOBART
,,
,,
M20C5,,VARIOUS
,,
,,
M20D5,,VARIOUS
,,
,,
M20E5,,VARIOUS
,,
,,
ODWMC20,,VARIOUS
,,
,,
PF-613/614,,VARIOUS
,,
,,
01-240205-1,,
,,
013-12-304,,NORRIS
,,
,,
013-22-001,,NORRIS
,,
,,
013-55-828,,NORRIS
,,
,,
10218,,RHIMA
,,
,,
10257,,RHIMA
,,
,,
10259,,RHIMA
,,
,,
10261,,RHIMA
,,
,,
129039,,HOBART
,,
,,
129068,,HOBART
,,
,,
140010-1,,"HOBART, ESWOOD SMARTWASH, NORRIS MADISON"
,,
,,
160719,,ESWOOD
,,
,,
160736,,WASHTECH
,,
,,
,,
170915-1,,ESWOOD
,,
,,
170916-1,,ESWOOD
,,
,,
170947,,WASHTECH
,,
,,
170956,,WASHTECH
,,
,,
190624,C190624,WASHTECH
,,
,,
40030072,400 30072,WASHTECH
,,
,,
40030074,400 30074,WASHTECH
,,
,,
40030187,400 30187,WASHTECH
,,
,,
420526,,WASHTECH
,,
,,
420531,,WASHTECH
,,
,,
454002,,
,,
513186000,,MACH
,,
,,
60040005,600 40005,WASHTECH
,,
,,
,,
60040015,600 40015,WASHTECH
,,
,,
,,
60040046,600 40046,WASHTECH
,,
,,
,,
60040047,600 40047,WASHTECH
,,
,,
,,
60041148,600 41148,WASHTECH
,,
,,
69312,,HOBART 
,,
,,
75317,,RHIMA
,,
,,
75320,,RHIMA
,,
,,
80282,,HOBART
,,
,,
80310,,HOBART
,,
,,
80311,,HOBART
,,
,,
80314,,HOBART
,,
,,
80316,,HOBART
,,
,,
883454-1,00-883454-001,HOBART
,,
,,
883974-1,00-883974-001,HOBART
,,
,,
926129,,HOBART
,,
,,
926169,,HOBART
,,
,,
926171,,HOBART
,,
,,
929196,,HOBART
,,
,,
99.01.10,,
,,
,,
990108,,HOBART
,,
,,
990110,99.01.10 SMARTWASH,"HOBART, ESWOOD SMARTWASH"
,,
,,
990113,99.01.13 ESWOOD SMARTWASH,ESWOOD SMARTWASH
,,
,,
A-1814,,ESWOOD
,,
,,
A-1917-2 (Large),,ESWOOD
,,
,,
A-1917-4 (Medium),,ESWOOD
,,
,,
A-2485,,ESWOOD
,,
,,
Z410704,"Z410704000, 12025216",FAGOR
,,
,,
Z650704,Z650704000,FAGOR
,,
,,
Z650716,"Z650716000, 12025122",FAGOR
,,
,,
Z710701,"Z710701000, 12003421",FAGOR
,,
,,
Z710712,"Z710712000, 12025116",FAGOR
,,
,,
01-240783-1,,HOBART
,,
,,
,,
,,
48216,,ZANUSSI/ELECTROLUX
,,
,,
,,
,,
0L0092,,ZANUSSI/ELECTROLUX
,,
,,
,,
,,
0L0126,,ZANUSSI/ELECTROLUX
,,
,,
,,
,,
0L0564,0L0060 ,ZANUSSI/ELECTROLUX
,,
,,
0L1914,,ZANUSSI/ELECTROLUX
,,
,,
,,
,,
100801,,COMENDA
,,
,,
,,
,,
130109,,HOBART
,,
,,
,,
,,
130977,13.09.77 SMARTWASH,"ESWOOD SMARTWASH, NORRIS MADISON"
,,
,,
,,
,,
130987,,HOBART
,,
,,
,,
,,
135127-4,,HOBART
,,
,,
,,
136056-1,,HOBART
,,
,,
136-10-379-OS,BT2000 RINSE PUMP,NORRIS
,,
,,
,,
,,
136-10-760,,NORRIS
,,
,,
,,
,,
150914,,RHIMA
,,
,,
,,
,,
15913,,RHIMA
,,
,,
,,
,,
195753-1,,HOBART
,,
,,
,,
,,
195753-1 KIT,,HOBART
,,
,,
31682,,BRACTON
,,
,,
,,
,,
33843,,
,,
,,
34800,,BRACTON
,,
,,
,,
,,
35143,MR BRACTON,COMENDA
,,
,,
,,
,,
3888,,WASHTECH
,,
,,
,,
,,
3906,,WASHTECH
,,
,,
,,
,,
60030299,600 30299,WASHTECH
,,
,,
,,
,,
69120,,HOBART
,,
,,
,,
,,
69122,,NORRIS
,,
,,
,,
,,
7.30.48,,ESWOOD SMARTWASH
,,
,,
,,
,,
743388,,HOBART
,,
,,
,,
,,
80112,,HOBART
,,
,,
,,
,,
80115,80115,HOBART
,,
,,
,,
,,
883526-1,,HOBART
,,
,,
,,
,,
883617-1,00-883617-001,HOBART
,,
,,
,,
,,
927135,,HOBART
,,
,,
,,
,,
927136,,HOBART
,,
,,
,,
,,
99.91.35,,
,,
,,
999135,99.91.35 SMARTWASH,"HOBART, ESWOOD SMARTWASH, NORRIS MADISON, EUROWASH"
,,
,,
,,
,,
C-0450UC,,ESWOOD
,,
,,
,,
,,
C-0590,,ESWOOD
,,
,,
,,
,,
C-10511,,ESWOOD
,,
,,
,,
,,
C-10575,,ESWOOD
,,
,,
,,
,,
C-10580,,ESWOOD
,,
,,
,,
,,
C1121,,ESWOOD
,,
,,
C-12055E,,ESWOOD
,,
,,
,,
,,
C-12275,,ESWOOD
,,
,,
,,
,,
C-6300,,ESWOOD
,,
,,
,,
,,
,,
,,
,,
,,
,,
C631618,,WASHTECH
,,
,,
C-7290E,,ESWOOD
,,
,,
CAP10,,VARIOUS
,,
,,
CAP12,,VARIOUS
,,
,,
CAP12.5,,VARIOUS
,,
,,
CAP16,,VARIOUS
,,
,,
CAP4,,VARIOUS
,,
,,
CAP5,,VARIOUS
,,
,,
CAP6.3,,VARIOUS
,,
,,
CAP8,,VARIOUS
,,
,,
DH18300,,RHIMA
,,
,,
,,
,,
DPE2640,926150,HOBART
,,
,,
,,
,,
MS11,,VARIOUS
,,
,,
MS12,,VARIOUS
,,
,,
MS13,,VARIOUS
,,
,,
MS16H,,HOBART
,,
,,
WS10052,,WASHTECH
,,
,,
Z201011,"Z201011000,  20160042",FAGOR
,,
,,
,,
,,
Z401001,"Z401001000, 12023429 FAGOR",FAGOR
,,
,,
,,
,,
DR4002,,
,,
DR4003,,
,,
DR5000,,
,,
DR5002,,
,,
DR5003,,
,,
20.01.800P,,
,,
,,
20.02.552P,,RATIONAL
,,
,,
40.00.274P,,RATIONAL
,,
,,
GCH-1015,,GAMECO
,,
,,
GCH-1015FF,,GAMECO
,,
,,
GCH-1020,,GAMECO
,,
,,
GCH-1020FF,,GAMECO
,,
,,
GCH-1515,,GAMECO
,,
,,
GCH-1515FF,,GAMECO
,,
,,
GCH-1520,,
,,
,,
GCH-1520FF,,
,,
,,
GCH-315,,GAMECO
,,
,,
GCH-315FF,,GAMECO
,,
,,
GCH-320,,GAMECO
,,
,,
GCH-320FF,,GAMECO
,,
,,
GCH-515,,GAMECO
,,
,,
GCH-515FF,,GAMECO
,,
,,
GCH-520,,GAMECO
,,
,,
GCH-520FF,,GAMECO
,,
,,
0.100.011,,S.I.T.
,,
,,
0.100.017,,S.I.T.
,,
,,
0.100.065,,S.I.T.
,,
,,
0.145.027,,S.I.T.
,,
,,
0.160.064,,S.I.T.
,,
,,
0.440.033,,S.I.T.
,,
,,
0.630.336,,S.I.T.
,,
,,
0.710.646,,S.I.T.
,,
,,
0.710.740,,S.I.T.
,,
,,
0.820.302,,S.I.T.
,,
,,
0.892.116,,S.I.T.
,,
,,
10-209,,S.I.T.
,,
,,
6160585,,
,,
,,
6160798,,
,,
,,
6CH24-1,,
,,
,,
82220,,
,,
,,
G52FF08,,
,,
,,
G52FF12,,
,,
,,
P21K,,
,,
,,
R782130,,FAGOR
,,
,,
14.32.39,,
,,
2907352,,
,,
60060073,600 60073,
,,
209061,,
,,
,,
GVA126,,
,,
,,
109070-2,,HOBART
,,
111156,,HOBART
,,
113936,,HOBART
,,
114695,,HOBART
,,
12430-49,,HOBART
,,
12430-55,,HOBART
,,
124734,,HOBART
,,
13160,,HOBART
,,
24735,,HOBART
,,
291130,,HOBART
,,
291236,,HOBART
,,
293615,,HOBART
,,
64723,,HOBART
,,
67500-21,,HOBART
,,
70034,,HOBART
,,
70260,,HOBART
,,
71187,,HOBART
,,
7744,,HOBART
,,
875435,,HOBART
,,
875698,,HOBART
,,
RR-5-8,,HOBART
,,
49643,49666,ZANUSSI/ELECTROLUX
,,
,,
23.10.16,,
,,
,,
5009065,,CONVOTHERM
,,
60030430,"600 30430, 600 30429",WASHTECH
,,
,,
775612-1,00-775612-001,HOBART
,,
,,
775866-2,00-775866-002,HOBART
,,
,,
775866-202,00-775866-202,HOBART
,,
,,
108197-5,,HOBART
,,
114214,,HOBART
,,
118175,,HOBART
,,
118484,,HOBART
,,
119882,,HOBART
,,
271612-2,,HOBART
,,
274926,,HOBART
,,
438845,,HOBART
,,
439870-5,,HOBART
,,
478747,,HOBART
,,
70196,,HOBART
,,
70198,,HOBART
,,
70202,,HOBART
,,
70302,,HOBART
,,
72579,,HOBART
,,
76948,,HOBART
,,
83681,,HOBART
,,
875320,,HOBART
,,
875345,,HOBART
,,
875348,,HOBART
,,
875357,,HOBART
,,
875370,,HOBART
,,
875371,,HOBART
,,
0.200.009,,S.I.T.
,,
,,
0.270.416,,S.I.T.
,,
,,
0.270.436,,S.I.T.
,,
,,
0.892.100,,S.I.T.
,,
,,
0.892.101,,S.I.T.
,,
,,
0.892.102,,S.I.T.
,,
,,
UTK1200,,
,,
,,
UTK1500,,
,,
,,
UTK1800,,
,,
,,
UTK600,,
,,
,,
UTK900,,
,,
,,
0.940.002,,S.I.T.
,,
,,
0.940.003,,S.I.T.
,,
,,
21448,,
,,
,,
W2-G01A,,
,,
,,
180413,,WASHTECH
,,
180415,,BRACTON
,,
3241872,,VARIOUS
,,
,,
40030042-KIT,"400 30042, 1896, 6037",WASHTECH
,,
CUR44,,VARIOUS
,,
2060.1006,"2060.0100, 2060.0215",RATIONAL
,,
50.00.140P,50.01.238P,RATIONAL
,,
20VBWL,,HOBART
,,
,,
20B,,HOBART
,,
,,
20DS,,HOBART
,,
,,
20W,,HOBART
,,
,,
30W,,HOBART
,,
,,
60B,,HOBART
,,
,,
60W,,HOBART
,,
,,
6011010,,CONVOTHERM
,,
6011010-KIT,,CONVOTHERM
,,
6011012,,CONVOTHERM
,,
AUO175,,
,,
G03MK,,
G25RK-SS,,
,,
,,
G-506,,
,,
,,
G50BM-BK,,
,,
,,
G50BR,,
,,
,,
G50KIT,,
,,
,,
G-512,,
,,
,,
G5120CKIT-A,,
,,
G5208,,
,,
,,
G8101,,
,,
G8101Q,,
,,
GF032100,,
,,
,,
GF032512,,
,,
,,
GF032512-C,,
,,
,,
GF032512-LRW,,
,,
GF042100,,
,,
,,
GF042512,,
,,
,,
GF072512-C,,
,,
GF112100,,
,,
,,
GF112512,,
,,
,,
GF152100,,
,,
,,
GF152512,,
,,
,,
GF2914,,
,,
,,
GF2918,,
,,
,,
GF2918A,,
,,
,,
GF2949-2913A,,
,,
,,
GF8312,,
,,
GMB,,
,,
GMS,,
,,
GRM032100,,
,,
,,
GRM032506-C,,
,,
,,
GRM032512,,
,,
,,
GRM032512-C,,
,,
,,
GRM052100,,
,,
,,
GRM052512,,
,,
,,
GRM142100,,
,,
,,
GRM142512,,
,,
,,
GS03RKC-SS,,VARIOUS
,,
,,
GS03RKH-SS,,VARIOUS
,,
,,
GS3012,,FISHER MFG
,,
GTFP3-15,,VARIOUS
,,
GTHR1215RED,,VARIOUS
,,
GUNNA-BLU,,VARIOUS
,,
7.05.61,224030,ESWOOD SMARTWASH
,,
,,
40.03.378P,,RATIONAL
,,
,,
297808-1,,HOBART
300284,"130157 COMENDA, 500064600 MACH",VARIOUS
,,
216006,,VARIOUS
,,
60030161,600 30161,WASHTECH
,,
60030162,600 30162,WASHTECH
,,
60030163,600 30163,WASHTECH
,,
EP-132,,ESWOOD
,,
EP-133,,ESWOOD
,,
60041081,206 10001,WASHTECH
,,
,,
,,HOBART
,,
,,
30DS,,HOBART
,,
,,
190621,C190621,WASHTECH
,,
,,
229039,22.90.39,VARIOUS
229029,22.90.29,VARIOUS
437113,43.71.13 ESWOOD SMARTWASH,"ESWOOD SMARTWASH, NORRIS MADISON, EUROWASH"
,,
,,
437102,43.71.02,"ESWOOD SMARTWASH, NORRIS MADISON"
,,
,,
140025,,NORRIS
,,
,,
56.00.153P,5600153,RATIONAL
,,
115143,11.51.43 ESWOOD SMARTWASH,"ESWOOD SMARTWASH, NORRIS MADISON, EUROWASH"
,,
456040,,HOBART
,,
C-2832R,,ESWOOD
,,
,,
C-0878R,,ESWOOD
,,
,,
C-0021R,,ESWOOD
,,
,,
,,ESWOOD
,,
,,
,,
,,
Z200922,Z200922000,FAGOR
,,
,,HOBART
,,
,,
,,
,,
,600 60053,WASHTECH
,,
,,
167-10-352,,NORRIS
,,
,,
,,
167-10-352-1,,NORRIS
,,
,,
,,
C-0591-1R,,
,,
,,
99.01.37,990137,ESWOOD
99.01.32,990132,ESWOOD
99.01.28,990128,ESWOOD
40010114,,WASHTECH
CS-65/E,SS-251,ESWOOD
,,
,,
,,
,,
60040008,600 40008,WASHTECH
,,HOBART
