"Manufacturer","Equipment Type","Model","Sku"
"ESWOOD","DISHWASHER","ES-100","C-12055E"
"ESWOOD","DISHWASHER","ES-150","C-12055E"
"ESWOOD","DISHWASHER","ES-25","SS-203"
"ESWOOD","DISHWASHER","ES-25","C-0450"
"ESWOOD","DISHWASHER","ES-25","EP-133"
"ESWOOD","DISHWASHER","ES-25","SS-236"
"ESWOOD","DISHWASHER","ES-25","CAP12.5"
"ESWOOD","DISHWASHER","ES-25","115-100-255"
"ESWOOD","DISHWASHER","ES-25","C-0108-1R"
"ESWOOD","DISHWASHER","ES-25","Z-600905-KIT"
"ESWOOD","DISHWASHER","ES-25","CAP16"
"ESWOOD","DISHWASHER","ES-25","EP-205"
"ESWOOD","DISHWASHER","ES-25","SS-154"
"ESWOOD","DISHWASHER","ES-25","A-1915"
"ESWOOD","DISHWASHER","ES-25","C-2314R"
"ESWOOD","DISHWASHER","ES-25","B-1967"
"ESWOOD","DISHWASHER","ES-25","MS13"
"ESWOOD","DISHWASHER","ES-25","A-1917-1"
"ESWOOD","DISHWASHER","ES-25","SS-131"
"ESWOOD","DISHWASHER","ES-25","SS-143"
"ESWOOD","DISHWASHER","ES-25","EP-223"
"ESWOOD","DISHWASHER","ES-25","C-10575"
"ESWOOD","DISHWASHER","ES-25","EP-132"
"ESWOOD","DISHWASHER","ES-25","A-1917-2"
"ESWOOD","DISHWASHER","ES-25","C-0878R"
"ESWOOD","DISHWASHER","ES-25","SS-251"
"ESWOOD","DISHWASHER","ES-25","B-1967"
"ESWOOD","DISHWASHER","ES-25","B-1108"
"ESWOOD","DISHWASHER","ES-25","PF-613/614"
"ESWOOD","DISHWASHER","ES-25","A-1814"
"ESWOOD","DISHWASHER","ES-25","C-0591-1R"
"ESWOOD","DISHWASHER","ES-25","CS-65/E"
"ESWOOD","DISHWASHER","ES-25","035-06-044"
"ESWOOD","DISHWASHER","ES-25","SS-210KS"
"ESWOOD","DISHWASHER","ES-25","B-1791-1"
"ESWOOD","DISHWASHER","ES-25","SS-229"
"ESWOOD","DISHWASHER","ES-25","C-2316R"
"ESWOOD","DISHWASHER","ES-25","SE-119"
"ESWOOD","DISHWASHER","ES-32","SS-236"
"ESWOOD","DISHWASHER","ES-32","115-100-255"
"ESWOOD","DISHWASHER","ES-32","C-0108-1R"
"ESWOOD","DISHWASHER","ES-32","Z-600905-KIT"
"ESWOOD","DISHWASHER","ES-32","EP-205"
"ESWOOD","DISHWASHER","ES-32","SS-154"
"ESWOOD","DISHWASHER","ES-32","A-1915"
"ESWOOD","DISHWASHER","ES-32","C-2314R"
"ESWOOD","DISHWASHER","ES-32","B-1967"
"ESWOOD","DISHWASHER","ES-32","MS13"
"ESWOOD","DISHWASHER","ES-32","SS-131"
"ESWOOD","DISHWASHER","ES-32","C-10580"
"ESWOOD","DISHWASHER","ES-32","SS-143"
"ESWOOD","DISHWASHER","ES-32","EP-132"
"ESWOOD","DISHWASHER","ES-32","A-1917-2"
"ESWOOD","DISHWASHER","ES-32","C-0878R"
"ESWOOD","DISHWASHER","ES-32","A-1917-1"
"ESWOOD","DISHWASHER","ES-32","SS-251"
"ESWOOD","DISHWASHER","ES-32","B-1108"
"ESWOOD","DISHWASHER","ES-32","PF-613/614"
"ESWOOD","DISHWASHER","ES-32","A-1814"
"ESWOOD","DISHWASHER","ES-32","C-0591-1R"
"ESWOOD","DISHWASHER","ES-32","CS-65/E"
"ESWOOD","DISHWASHER","ES-32","B-1967"
"ESWOOD","DISHWASHER","ES-32","035-06-044"
"ESWOOD","DISHWASHER","ES-32","SS-210KS"
"ESWOOD","DISHWASHER","ES-32","SE-119"
"ESWOOD","DISHWASHER","ES-32","B-1791-1"
"ESWOOD","DISHWASHER","ES-32","ss-229"
"ESWOOD","DISHWASHER","ES-32","C-2316R"
"ESWOOD","DISHWASHER","ES-32","SS-203"
"ESWOOD","DISHWASHER","ES-32","C-0453"
"ESWOOD","DISHWASHER","ES-32","EP-133"
"ESWOOD","DISHWASHER","ES-50","C-7290E"
"ESWOOD","DISHWASHER","ES-50","A-1917-1"
"ESWOOD","DISHWASHER","ES-50","A-1917-2"
"ESWOOD","DISHWASHER","ES-50","A-1915"
"ESWOOD","DISHWASHER","ES-50","115-100-255"
"ESWOOD","DISHWASHER","ES-50","035-06-044"
"ESWOOD","DISHWASHER","ES-50","B-1967"
"ESWOOD","DISHWASHER","ES-50","C-0453"
"ESWOOD","DISHWASHER","ES-50","SE-119"
"ESWOOD","DISHWASHER","UC-25","170916-1"
"ESWOOD","DISHWASHER","UC-25","SS-221"
"ESWOOD","DISHWASHER","UC-25","170915-1"
"ESWOOD","DISHWASHER","UC-25","PF-649"
"ESWOOD","DISHWASHER","UC-25","160719"
"ESWOOD","DISHWASHER","UC-25","SS-210KS"
"ESWOOD","DISHWASHER","UC-25","A-2452"
"ESWOOD","DISHWASHER","UC-25","DH2090E"
"ESWOOD","DISHWASHER","UC-25","EP-248"
"ESWOOD","DISHWASHER","UC-25","C-10511"
"ESWOOD","DISHWASHER","UC-25","SS-131"
"ESWOOD","DISHWASHER","UC-25","EP-132"
"ESWOOD","DISHWASHER","UC-25","EP-217"
"ESWOOD","DISHWASHER","UC-25","EP-133"
"ESWOOD","DISHWASHER","UC-25","M20C5"
"ESWOOD","DISHWASHER","UC-25","A-1917-4"
"ESWOOD","DISHWASHER","UC-25","A-2485"
"ESWOOD","DISHWASHER","UC-25N","115-100-255"
"ESWOOD","DISHWASHER","UC-25N","1510"
"ESWOOD","DISHWASHER","UC-25N","A-1917-1"
"ESWOOD","DISHWASHER","UC-25N","B-1108"
"ESWOOD","DISHWASHER","UC-25N","SE-117"
"ESWOOD","DISHWASHER","UC-25N","C-10511"
"ESWOOD","DISHWASHER","UC-25N","CAP12.5"
"ESWOOD","DISHWASHER","UC-25N","SS-257"
"ESWOOD","DISHWASHER","UC-25N","SS-151"
"ESWOOD","DISHWASHER","UC-25N","SS-236"
"ESWOOD","DISHWASHER","UC-25N","SS-131"
"ESWOOD","DISHWASHER","UC-25N","C-10511"
"ESWOOD","DISHWASHER","UC-25N","EP-248"
"ESWOOD","DISHWASHER","UC-25N","EP-223"
"ESWOOD","DISHWASHER","UC-25N","DH2090E"
"ESWOOD","DISHWASHER","UC-25N","EP-217"
"ESWOOD","DISHWASHER","UC-25N","SS-154"
"ESWOOD","DISHWASHER","UC-25N","373037"
"ESWOOD","GLASSWASHER","B-42GN","C-0590"
"ESWOOD","GLASSWASHER","B-42GN","CAP12.5"
"ESWOOD","GLASSWASHER","B-42GN","SS-154"
"ESWOOD","GLASSWASHER","B-42GN","115-100-255"
"ESWOOD","GLASSWASHER","B-42GN","SS-151"
"ESWOOD","GLASSWASHER","B-42GN","C-0590"
"ESWOOD","GLASSWASHER","B-42GN","SS-257"
"ESWOOD","GLASSWASHER","B-42GN","A-1917-1"
"ESWOOD","GLASSWASHER","B-42GN","EP-223"
"ESWOOD","GLASSWASHER","B-42GN","B-1108"
"ESWOOD","GLASSWASHER","B-42GN","EP-217"
"ESWOOD","GLASSWASHER","B-42GN","SE-117"
"ESWOOD","GLASSWASHER","B-42GN","SS-236"
"ESWOOD","GLASSWASHER","B-42GN","373037"
"ESWOOD","GLASSWASHER","B-42PN","1510"
"ESWOOD","GLASSWASHER","B-42PN","CAP12.5"
"ESWOOD","GLASSWASHER","B-42PN","SS-154"
"ESWOOD","GLASSWASHER","B-42PN","115-100-255"
"ESWOOD","GLASSWASHER","B-42PN","SS-131"
"ESWOOD","GLASSWASHER","B-42PN","C-0590"
"ESWOOD","GLASSWASHER","B-42PN","A-1917-1"
"ESWOOD","GLASSWASHER","B-42PN","EP-223"
"ESWOOD","GLASSWASHER","B-42PN","SS-257"
"ESWOOD","GLASSWASHER","B-42PN","B-1108"
"ESWOOD","GLASSWASHER","B-42PN","EP-248"
"ESWOOD","GLASSWASHER","B-42PN","EP-217"
"ESWOOD","GLASSWASHER","B-42PN","DH2090E"
"ESWOOD","GLASSWASHER","B-42PN","SE-117"
"ESWOOD","GLASSWASHER","B-42PN","SS-236"
"ESWOOD","GLASSWASHER","B-42PN","373037"
"ESWOOD","GLASSWASHER","B-42PN","C-0590"
"ESWOOD","GLASSWASHER","IW-3","EP-133"
"ESWOOD","GLASSWASHER","IW-3","EP-132"
"ESWOOD","GLASSWASHER","IW-3","7021"
"ESWOOD","GLASSWASHER","IW-3","EP-252"
"ESWOOD","GLASSWASHER","IW-3","C-6300"
"ESWOOD","GLASSWASHER","IW-3","EP-252"
"ESWOOD","GLASSWASHER","IW-3","PF-613/614"
"ESWOOD","GLASSWASHER","IW-3","EP-210"
"ESWOOD","GLASSWASHER","IW-3","373037"
"ESWOOD","GLASSWASHER","IW-3","A-1917-1"
"ESWOOD","GLASSWASHER","IW-3","A-2452"
"ESWOOD","GLASSWASHER","IW-3","115-100-255"
"ESWOOD","GLASSWASHER","IW-3","SS-156"
"ESWOOD","GLASSWASHER","IW-3N","115-100-255"
"ESWOOD","GLASSWASHER","IW-3N","C-0450UC"
"ESWOOD","GLASSWASHER","IW-3N","A-1917-4"
"ESWOOD","GLASSWASHER","IW-3N","CAP12.5"
"ESWOOD","GLASSWASHER","IW-3N","373037"
"ESWOOD","GLASSWASHER","IW-3N","373037"
"ESWOOD","GLASSWASHER","IW-3N","SS-131"
"ESWOOD","GLASSWASHER","IW-3N","A-2452"
"ESWOOD","GLASSWASHER","IW-3N","SS-257"
"ESWOOD","GLASSWASHER","IW-3N","EP-211"
"ESWOOD","GLASSWASHER","IW-3N","SS-154"
"ESWOOD","GLASSWASHER","IW-3N","115-100-255"
"ESWOOD","GLASSWASHER","IW-3N","B-1108"
"ESWOOD","GLASSWASHER","IW-3N","SS-151"
"ESWOOD","GLASSWASHER","IW-3N","EP-252"
"ESWOOD","GLASSWASHER","IW-3N","A-1917-1"
"ESWOOD","GLASSWASHER","IW-3N","EP-211"
"NORRIS","DISHWASHER","BT700","136-10-378-OS"
